{
  "timeStamp": 1703677393, //毫秒时间戳
  "devData": [
    { //003储能堆控
      "devType": "3",
      "devName": "duikong001",
      "devId": "3001",
      "sn": "3001",
      "data": {
        "duikong001_0": 1,
        "duikong001_1": 1, //设备在线
        "duikong001_2": 1, //设备在线
        "duikong001_3": 1, //设备在线
        "duikong001_4": 5.4, //SOC
        "duikong001_19": 35.4, //最大允许放电功率
        "duikong001_21": 95.4, //最大允许充电功率
        "duikong001_26": 26.22, //最高单体电压
        "duikong001_29": 29.6, //最低单体电压
        "duikong001_41": 18.6, //日充电电量
        "duikong001_43": 27.06, //日放电电量
        "duikong001_47": 520.06, //累计充电电量
        "duikong001_49": 950.06 //累计放电电量
      }
    },
    { //003储能堆控
      "devType": "3",
      "devName": "duikong002",
      "devId": "3002",
      "sn": "3002",
      "data": {
        "duikong002_0": 1,
        "duikong002_1": 1, //设备在线
        "duikong002_4": 5.42, //SOC
        "duikong002_19": 35.42, //最大允许放电功率
        "duikong002_21": 95.42, //最大允许充电功率
        "duikong002_26": 26.222, //最高单体电压
        "duikong002_29": 29.62, //最低单体电压
        "duikong002_41": 18.62, //日充电电量
        "duikong002_43": 27.062, //日放电电量
        "duikong002_47": 520.062, //累计充电电量
        "duikong002_49": 950.062 //累计放电电量
      }
    },
    { //003储能堆控
      "devType": "3",
      "devName": "duikong003",
      "devId": "3003",
      "sn": "3003",
      "data": {
        "duikong002_0": 1,
        "duikong002_1": 1, //设备在线
        "duikong002_4": 5.423, //SOC
        "duikong002_19": 35.423, //最大允许放电功率
        "duikong002_21": 95.423, //最大允许充电功率
        "duikong002_26": 26.2223, //最高单体电压
        "duikong002_29": 29.623, //最低单体电压
        "duikong002_41": 18.623, //日充电电量
        "duikong002_43": 27.0623, //日放电电量
        "duikong002_47": 520.0623, //累计充电电量
        "duikong002_49": 950.0623 //累计放电电量
      }
    },
    { //005储能PCS
      "devType": "5",
      "devName": "pcs001",
      "devId": "5001",
      "sn": "5001",
      "data": {
        "pcs001_0": 1,
        "pcs001_1": 1, //设备在线
        "pcs001_161": 161.4 //总有功功率
      }
    },
    { //005储能PCS
      "devType": "5",
      "devName": "pcs002",
      "devId": "5002",
      "sn": "5002",
      "data": {
        "pcs001_0": 1,
        "pcs001_1": 1, //设备在线
        "pcs001_161": 161.42 //总有功功率
      }
    },
    { //005储能PCS
      "devType": "5",
      "devName": "pcs003",
      "devId": "5003",
      "sn": "5003",
      "data": {
        "pcs001_0": 1,
        "pcs001_1": 1, //设备在线
        "pcs001_161": 161.43 //总有功功率
      }
    },
    { //002储能表模型
      "devType": "2",
      "devName": "chunengbiao001",
      "devId": "2001",
      "sn": "2001",
      "data": {
        "dianbiao001_0": 1,
        "dianbiao001_1": 1, //设备在线
        "dianbiao001_14": 14.4 //总有功功率
      }
    },
    { //002储能表模型
      "devType": "2",
      "devName": "chunengbiao002",
      "devId": "2002",
      "sn": "2002",
      "data": {
        "dianbiao001_0": 1,
        "dianbiao001_1": 1, //设备在线
        "dianbiao001_14": 14.42 //总有功功率
      }
    },
    { //002储能表模型
      "devType": "2",
      "devName": "chunengbiao003",
      "devId": "2003",
      "sn": "2003",
      "data": {
        "dianbiao001_0": 1,
        "dianbiao001_1": 1, //设备在线
        "dianbiao001_14": 14.423 //总有功功率
      }
    }
  ]
}