{
  "structure": {
    "menuTree": 0, // 节点类型：0虚拟树节点，1设备节点
    "name": "储能站", // 名称
    "devType": 0, // 设备类型
    "sn": "", // 设备的SN
    "child": [
      {
        "menuTree": "0",
        "name": "1#储能柜",
        "devType": 0,
        "sn": "",
        "child": [
          {
            "menuTree": 0,
            "name": "PCS集",
            "devType": 3,
            "sn": "",
            "child": [
              {
                "menuTree": 0,
                "name": "1号PCS",
                "devType": 3,
                "sn": "PCS2023023821",
                "child": []
              },
              {
                "menuTree": 0,
                "name": "2号PCS",
                "devType": 3,
                "sn": "PCS2023023822",
                "child": []
              },
              {
                "menuTree": 0,
                "name": "3号PCS",
                "devType": 3,
                "sn": "PCS2023023823",
                "child": []
              }
            ]
          },
          {
            "menuTree": 0,
            "name": "BMS集",
            "devType": 0,
            "sn": "",
            "child": [
              {
                "menuTree": 0,
                "name": "1号BSU",
                "devType": 4,
                "sn": "BSU2023023821",
                "child": [
                  {
                    "menuTree": 1,
                    "name": "1号BCU",
                    "devType": 4,
                    "sn": "BCU2023023821",
                    "child": [
                      {
                        "menuTree": 1,
                        "name": "1号BMU",
                        "devType": 4,
                        "sn": "BMU2023023821",
                        "child": []
                      },
                      {
                        "menuTree": 1,
                        "name": "2号BMU",
                        "devType": 4,
                        "sn": "BMU2023023822",
                        "child": []
                      },
                      {
                        "menuTree": 1,
                        "name": "3号BMU",
                        "devType": 4,
                        "sn": "BMU2023023823",
                        "child": []
                      },
                      {
                        "menuTree": "1",
                        "name": "4号BMU",
                        "devType": 4,
                        "sn": "BMU2023023824",
                        "child": []
                      },
                      {
                        "menuTree": "1",
                        "name": "5号BMU",
                        "devType": 5,
                        "sn": "BMU2023023825",
                        "child": []
                      }
                    ]
                  },
                  {
                    "menuTree": 0,
                    "name": "2号BCU",
                    "devType": 5,
                    "sn": "BCU2023023822",
                    "child": []
                  },
                  {
                    "menuTree": 1,
                    "name": "3号BCU",
                    "devType": 5,
                    "sn": "BCU2023023823",
                    "child": []
                  }
                ]
              },
              {
                "menuTree": 1,
                "name": "2号BSU",
                "devType": "BSU",
                "sn": "BSU2023023822",
                "child": []
              },
              {
                "menuTree": 0,
                "name": "3号BSU",
                "devType": 0,
                "sn": "BSU2023023823",
                "child": []
              }
            ]
          }
        ]
      }
    ]
  }
}
