{
  "structure": {
    "menuTree": 0, 
    "name": "储能柜集3#", 
    "devType": 0, 
    "sn": "", 
    "child": [
      {
        "menuTree": 0,
        "name": "3#储能柜",
        "devType": 0,
        "sn": "",
        "child": [
          {
            "menuTree": 0,
            "name": "PCS集",
            "devType": 5,
            "sn": "",
            "child": [
              {
                "menuTree": 1,
                "name": "pcs001",
                "devType": 5,
                "sn": "PCS2023023821",
                "child": []
              }
            ]
          },
          {
            "menuTree": 0,
            "name": "BMS集",
            "devType": 0,
            "sn": "",
            "child": [
              {
                "menuTree": 1,
                "name": "duikong001",
                "devType": 3,
                "sn": "BSU2023023821",
                "child": [
                  {
                    "menuTree": 1,
                    "name": "1号BCU",
                    "devType": 4,
                    "sn": "BCU2023023821",
                    "child": [
                      {
                        "menuTree": 1,
                        "name": "1号BMU",
                        "devType": 4,
                        "sn": "BMU2023023821",
                        "child": []
                      },
                      {
                        "menuTree": 1,
                        "name": "2号BMU",
                        "devType": 4,
                        "sn": "BMU2023023822",
                        "child": []
                      },
                      {
                        "menuTree": 1,
                        "name": "3号BMU",
                        "devType": 4,
                        "sn": "BMU2023023823",
                        "child": []
                      },
                      {
                        "menuTree": 1,
                        "name": "4号BMU",
                        "devType": 4,
                        "sn": "BMU2023023824",
                        "child": []
                      },
                      {
                        "menuTree": 1,
                        "name": "5号BMU",
                        "devType": 4,
                        "sn": "BMU2023023825",
                        "child": []
                      }
                    ]
                  },
                  {
                    "menuTree": 1,
                    "name": "2号BCU",
                    "devType": 4,
                    "sn": "BCU2023023822",
                    "child": []
                  },
                  {
                    "menuTree": 1,
                    "name": "3号BCU",
                    "devType": 4,
                    "sn": "BCU2023023823",
                    "child": []
                  }
                ]
              },
              {
                "menuTree": 1,
                "name": "duikong003",
                "devType": 3,
                "sn": "BSU2023023823",
                "child": []
              }
            ]
          },
          {
            "menuTree": 0,
            "name": "关口表模型集",
            "devType": 1,
            "sn": "",
            "child": [
              {
                "menuTree": 1,
                "name": "guankoubiao001",
                "devType": 1,
                "sn": "",
                "child": []
              }
            ]
          }
        ]
      }
    ]
  }
}
