{
  "structure": {
    "menuTree": 0,
    "name": "储能柜集#1",
    "devType": 0,
    "sn": "",
    "child": [
      {
        "menuTree": 0,
        "name": "1#储能柜",
        "devType": 0,
        "sn": "",
        "child": [
          {
            "menuTree": 0,
            "name": "PCS集",
            "devType": 0,
            "sn": "",
            "child": [
              {
                "menuTree": 1,
                "name": "pcs001",
                "devType": 5,
                "sn": "5001",
                "child": []
              },
              {
                "menuTree": 1,
                "name": "pcs002",
                "devType": 5,
                "sn": "5002",
                "child": []
              }
            ]
          },
          {
            "menuTree": 0,
            "name": "BMS集",
            "devType": 3,
            "sn": "",
            "child": [
              {
                "menuTree": 0,
                "name": "duikong001",
                "devType": 3,
                "sn": "3001",
                "child": [
                  {
                    "menuTree": 1,
                    "name": "1号BCU",
                    "devType": 4,
                    "sn": "BCU2023023821",
                    "child": [
                      {
                        "menuTree": 1,
                        "name": "1号BMU",
                        "devType": 4,
                        "sn": "BMU2023023821",
                        "child": []
                      },
                      {
                        "menuTree": 1,
                        "name": "2号BMU",
                        "devType": 4,
                        "sn": "BMU2023023822",
                        "child": []
                      },
                      {
                        "menuTree": 1,
                        "name": "3号BMU",
                        "devType": 4,
                        "sn": "BMU2023023823",
                        "child": []
                      },
                      {
                        "menuTree": 1,
                        "name": "4号BMU",
                        "devType": 4,
                        "sn": "BMU2023023824",
                        "child": []
                      },
                      {
                        "menuTree": 1,
                        "name": "5号BMU",
                        "devType": 5,
                        "sn": "BMU2023023825",
                        "child": []
                      }
                    ]
                  },
                  {
                    "menuTree": 0,
                    "name": "2号BCU",
                    "devType": 5,
                    "sn": "BCU2023023822",
                    "child": []
                  },
                  {
                    "menuTree": 1,
                    "name": "3号BCU",
                    "devType": 5,
                    "sn": "BCU2023023823",
                    "child": []
                  }
                ]
              },
              {
                "menuTree": 1,
                "name": "duikong002",
                "devType": 3,
                "sn": "3002",
                "child": []
              },
              {
                "menuTree": 0,
                "name": "3号BSU",
                "devType": 0,
                "sn": "BSU2023023823",
                "child": []
              }
            ]
          },
          {
            "menuTree": 0,
            "name": "储能表模型集",
            "devType": 2,
            "sn": "",
            "child": [
              {
                "menuTree": 1,
                "name": "chunengbiao001",
                "devType": 2,
                "sn": "2001",
                "child": []
              },
              {
                "menuTree": 1,
                "name": "chunengbiao002",
                "devType": 2,
                "sn": "2002",
                "child": []
              }
            ]

          }
        ]
      }
    ]
  }
}
