{
  "timeStamp": 1703677393, //毫秒时间戳
  "devData": [
    {
      "devType": "3",
      "devName": "duikong001",
      "devId": "1",
      "sn": "aaaaa",
      "data": {
        "duikong001_0": 1,
        "duikong001_1": 1, //设备在线
        "duikong001_4": 5.4, //SOC
        "duikong001_19": 35.4, //最大允许放电功率
        "duikong001_21": 95.4, //最大允许充电功率
        "duikong001_41": 18.6, //日充电电量
        "duikong001_43": 27.06, //日放电电量
        "duikong001_47": 520.06, //累计充电电量
        "duikong001_49": 950.06, //累计放电电量
      }
    }
  ]
}